Accession,Female_Parent,Male_Parent,Cross_Type
01P04,,,
01P3,,,
02P24,,,
03P24,,,
03P29,,,
04P02,,,
12P05,,,
28NG251,,,
74L0790,,,
82W1542,,,
88P06,,,
#8ColdHardy,,,
91P13,,,
95P8,,,
AshyMauritius,,,
B0208,,,
B0391,Ba11569,unknown,biparental
B16356,B0208,unknown,biparental
B(30)L7,POJ2364,B0391,biparental
B3353,B(30)L7,B(30)L7,self
B35-0009,,,
B37256,Ba11569,Saccharum spontaneum,biparental
B45181,B37256,B3353,biparental
B7306,,,
Ba11569,B16356,unknown,biparental
BanjermasinHitam,,,
BJ6018,,,
BlackCheribon,,,
Bourne35-9,POJ2725,CP27-0035,biparental
BR97-1004,,,
BR97-2001,,,
CG01-0027,,,
CG01-0053,,,
CG01-0087,,,
CG02-0163,CP65-0357,CP72-2086,biparental
CG03-0292,,,
CG03-25,,,
CG04-1171,,,
CG04-9324,,,
CG04-9543,,,
CG04-9568,,,
CG04-9615,,,
CG04-9694,,,
CG05-1024,,,
CG05-12577,,,
CG05-1292,,,
CG05-6552,,,
CG05-7312,,,
CG05-77440,,,
CG05-77654,,,
CG05-7862,,,
CG06-12630,,,
CG06-14866,CP72-1312,unknown,biparental
CG06-83223,,,
CG08-1297,,,
CG09-1164,,,
CG09-133119,,,
CG09-2204,NA56-0042,unknown,biparental
CG09-22213,PR61-0632,unknown,biparental
CG10-044124,,,
CG10-044130,,,
CG10-24985,BJ6018,unknown,biparental
CG11-6258,Mex79-0431,PR68-3120,biparental
CG12-0116,,,
CG12-0123,CP91-1696,CP70-1133,biparental
CG12-318018,CP73-1547,SP79-2233,biparental
CG12-324003,CG96-0001,B7306,biparental
CG96-0001,,,
CG99-0087,,,
CGMex10-26315,,,
Chunnee,,,
CL41-0114,CP29-0103,Co301,biparental
CL41-0142,CP27-0108,Bourne35-9,biparental
CL41-0223,F31-0436,F31-0452,biparental
CL47-0083,CL41-0223,unknown,biparental
CL47-0143,CL41-0114,CL41-0142,biparental
CL49-0032,CL41-0142,FX1,biparental
CL54-0119,CL47-0143,CP30-0024,biparental
CL54-0134,CL49-0032,CP38-0034,biparental
CL54-0140,CL41-0142,F31-0436,biparental
CL54-1910,CL47-0143,CL47-0083,biparental
CL57-0039,CL47-0143,unknown,biparental
CL58-0065,CL54-0140,CL54-0119,biparental
CL61-0620,CP48-0120,CL54-1910,biparental
CL64-0122,CL58-0065,CP33-0372,biparental
CL65-0279,CP52-0068,CL54-1910,biparental
CL66-0141,CL57-0039,CP36-0211,biparental
CL68-1336,F36-0819,CL47-0083,biparental
CL69-0886,CL64-0122,CP54-0378,biparental
CL72-0321,,,
CL73-0239,,,
CL75-0853,CL68-1336,CP54-0378,biparental
CL78-1600,CP52-0068,CL54-1910,biparental
CL79-2243,CL66-0141,CL69-0886,biparental
CL83-3431,,,
CL83-4266,,,
CL84-3152,,,
CL86-5687,,,
CL87-2882,,,
CL88-2747,,,
CL88-4730,,,
CL89-5189,,,
CL89-5457,CL79-2243,Mix88-L,biparental
CL90-4500,,,
CL90-4643,,,
CL90-4725,,,
CL90-5017,,,
CL92-0046,,,
CL92-2533,CL75-0853,CL78-1600,biparental
CL93-1858,,,
CL93-2679,,,
CL93-5185,,,
CL95-5255,,,
CL96-4527,,,
Co206,AshyMauritius,unknown Indian S. spontaneum,biparental
Co213,POJ0213,Kansar,biparental
Co221,POJ0213,M2,biparental
Co281,POJ0213,Co206,biparental
Co285,GreenSport,unknown Indian S. spontaneum,biparental
Co290,Co221,D74,biparental
Co301,Co213,POJ1499,biparental
Co421,POJ2878,Co285,biparental
CP00-1100,CP89-2143,CP89-2143,self
CP00-1101,CP89-2143,CP89-2143,self
CP00-1301,CP75-1632,CP89-2143,biparental
CP00-1630,,,
CP00-1830,,,
CP00-2180,HoCP91-0552,HoCP91-0552,self
CP00-2188,CP90-1549,CP90-1549,self
CP0040,OkinawaTekcha,FM3,biparental
CP01-1178,CP84-1198,CP82-1172,biparental
CP01-1625,CP81-1254,CP94-2059,biparental
CP01-2365,CP94-2045,CP95-1569,biparental
CP01-2390,CP95-2318,CP94-1528,biparental
CP01-2459,,,
CP02-1143,CP93-1382,CP92-1666,biparental
CP02-1564,CP94-1528,CP72-2086,biparental
CP02-1985,CP90-1436,CP88-1762,biparental
CP02-2065,CP80-1743,TCP87-3388,biparental
CP02-2281,CP94-1200,CP92-1167,biparental
CP03-1026,CP98-1119,CP92-1167,biparental
CP03-1094,CP95-1569,CP96-1310,biparental
CP03-1912,CP92-1167,CP95-1039,biparental
CP03-1939,CP82-1172,CP95-1039,biparental
CP03-2188,CP95-1569,CP97-1362,biparental
CP04-1250,CP97-2068,CP97-1362,biparental
CP04-1252,CP97-2068,CP97-1362,biparental
CP04-1367,CP97-2068,CP94-1607,biparental
CP04-1566,CP89-2377,CP96-1252,biparental
CP04-1844,CP97-1989,CP84-1198,biparental
CP04-1935,CP94-2059,CP84-1322,biparental
CP05-1451,CP84-1198,CP88-1762,biparental
CP05-1526,CP98-1029,CP88-1162,biparental
CP05-1616,US90-0018,CP88-1762,biparental
CP05-1740,US99-1055,US02-1027,biparental
CP06-2042,CP96-1252,01P04,biparental
CP06-2170,L00-0273,02P24,biparental
CP06-2214,TCP98-4450,CP80-1827,biparental
CP06-2274,CP99-1896,CP94-2203,biparental
CP06-2335,NG51-0144,03P24,biparental
CP06-2400,CP94-1100,03P29,biparental
CP06-2406,CP94-1100,03P29,biparental
CP06-2425,CP01-1625,03P29,biparental
CP06-2495,,unknown,
CP06-2614,CP94-2059,CP84-1591,biparental
CP06-2664,CP01-2365,CP96-1252,biparental
CP06-2897,CP94-2095,CP84-1591,biparental
CP06-2964,CP94-2095,CP97-1387,biparental
CP06-3103,,,
CP0670,US1484,unknown,biparental
CP07-1313,,,
CP07-1606,CP02-2065,CP89-1509,biparental
CP07-1746,CP84-1591,CP80-1743,biparental
CP07-2046,,,
CP07-2134,,,
CP07-2262,CP02-1985,12P05,biparental
CP07-2320,CP02-2065,CP96-1865,biparental
CP07-2460,CP00-1830,CL88-2747,biparental
CP07-2547,CP01-2390,CP00-1630,biparental
CP0726,US1694,unknown,biparental
CP08-1110,CP01-2459,CP00-2188,biparental
CP08-1139,CP01-2459,CP00-2188,biparental
CP08-1183,L03-0391,CPCL02-8021,biparental
CP08- 1553,,,
CP08-1553,CPCL00-4027,CP01-2390,biparental
CP08-1913,CP02-1143,CP03-1939,biparental
CP08-1965,CP00-1301,HoCP01-0523,biparental
CP08-1968,CP01-1178,CP00-1301,biparental
CP08-1995,CL96-4527,CP98-1325,biparental
CP08-2400,,,
CP08-2409,US02-0099,POLY06-47,biparental
CP08-2506,,,
CP09-1132,CPCL97-0393,CP00-2188,biparental
CP09-1262,CP02-1143,CP92-1167,biparental
CP09-1390,CP01-2459,CP00-2188,biparental
CP09-1430,CPCL00-6756,CP01-2390,biparental
CP09-1512,CPCL00-4027,CP01-2390,biparental
CP09-1822,CP01-2459,CPCL02-8021,biparental
CP09-1874,CP03-1026,CPCL00-6756,biparental
CP09-1952,CP01-2390,POLY06-30,biparental
CP09-2067,CP88-1762,POLY06-35,biparental
CP09-2392,CP01-2390,POLY07-04,biparental
CP09-3033,,,
CP09-4067,,,
CP09-4153,,,
CP09-4251,,,
CP09-4267,,,
CP09-4758,,,
CP10-1208,CP01-2390,TCP98-4454,biparental
CP10-1313,CP98-1029,Mix 07 I,biparental
CP10-1478,CPCL02-0796,Mix 07 K,biparental
CP10-1619,HoCP05-0927,US02-0099,biparental
CP10-1620,CP00-1100,CP05-1740,biparental
CP10-1716,CP00-2180,Mix 07 Q,biparental
CP10-2002,CP98-1029,Mix 07 U,biparental
CP10-2096,CP94-1200,CP92-1167,biparental
CP10-2195,CP01-2390,POLY07-04,biparental
CP10-2413,CP98-1029,TCP00-4518,biparental
CP11-1314,CP05-1451,Mix 08-B,biparental
CP11-1640,CP01-2390,POLY08-19,biparental
CP11-1895,CL90-4643,CPCL05-1102,biparental
CP11-1956,CP03-2188,CP01-2459,biparental
CP11-2013,CP01-2390,Mix 08-1X,biparental
CP11-2248,CP06-2664,POLY09-24,biparental
CP11-2324,CP06-2614,CL93-1858,biparental
CP11-2412,CPCL99-2103,CP04-1252,biparental
CP11-2545,,,
CP1161,CP0670,unknown,biparental
CP1165,CP0670,unknown,biparental
CP12-1246,CL95-5255,male mix 09F,biparental
CP12-1342,CP01-2390,male mix 09E,biparental
CP12-1417,CP02-2065,POLY09-16,biparental
CP12-1443,CP02-2281,POLY09-26,biparental
CP12-1753,CP08-2400,POLY10-09,biparental
CP12-1757,CP08-2409,POLY10-09,biparental
CP12-1789,CP85-1491,POLY09-14,biparental
CP12-2035,CP99-1896,POLY09-26,biparental
CP12-2077,CPCL01-0271,HoCP96-0540,biparental
CP12-2195,CPCL05-1050,POLY09-23,biparental
CP12-2441,HoCP05-0923,HoCP96-0540,biparental
CP12-2479,,,
CP13-1223,CP02-2281,POLY09-25,biparental
CP13-1512,CP06-2214,POLY09-25,biparental
CP13-1612,CP06-2400,CP04-1844,biparental
CP13-1615,CP06-2400,POLY10-04,biparental
CP13-1903,CP08-2400,POLY10-09,biparental
CP13-1954,CP85-1491,POLY09-24,biparental
CP13-4253,,,
CP13-4345,,,
CP13-4474,CPCL02-7610,MX10-01,biparental
CP13-4513,,,
CP13-4524,,,
CP13-4543,,,
CP13-4583,,,
CP13-4623,,,
CP14-1116,CP01-2390,CP80-1743,biparental
CP14-1315,CP02-2281,CP80-1743,biparental
CP14-1349,CP02-2281,CP97-1777,biparental
CP14-1377,CP03-1094,POLY12-29,biparental
CP14-1490,CP04-1844,CPCL02-8021,biparental
CP14-1524,CPCL05-1102,POLY11-14,biparental
CP14-1587,CP06-2274,CP06-2897,biparental
CP14-1649,CP06-2406,CPCL06-3332,biparental
CP14-1660,CP06-2664,CP01-2459,biparental
CP14-1933,CP07-2460,CP06-2335,biparental
CP14-1934,CP07-2460,CP06-2335,biparental
CP14-1999,CP08-1553,CP95-1039,biparental
CP14-2188,CP92-1167,CP06-2170,biparental
CP14-2402,CP98-1029,Mix 07 Q,biparental
CP14-4277,CP04-1566,POLY11-07,biparental
CP14-4326,CP04-1844,CP06-2664,biparental
CP14-4330,CL88-4730,POLY10-18,biparental
CP14-4380,CP06-2897,CL88-2747,biparental
CP14-4486,,,
CP14-4570,CP03-1912,CP97-1777,biparental
CP14-4588,CP84-1591,CP07-2547,biparental
CP14-4602,CP04-1844,CL88-4730,biparental
CP15-1101,CPCL06-3458,POLY10-09,biparental
CP15-1167,CP94-1200,CP06-2664,biparental
CP15-1402,CP08-1139,CP05-1616,biparental
CP15-1608,CP08-1183,CP08- 1553,biparental
CP15-1801,CP04-1367,CP84-1198,biparental
CP15-1937,CP04-1250,CP08-1553,biparental
CP15-1975,CP08-1553,CPCL02-8021,biparental
CP15-2263,CPCL97-2730,CP05-1526,biparental
CP15-2405,CPCL05-1791,CP84-1198,biparental
CP15-2443,CP80-1827,CP72-2086,biparental
CP15-2516,CP95-1039,CP06-2400,biparental
CP15-4229,CP03-1912,CP08- 1553,biparental
CP15-4302,CP08-1965,CP08-1553,biparental
CP15-4719,CP07-2262,CP84-1198,biparental
CP15-4811,CP07-2134,CP09-4251,biparental
CP15-4844,CP08-1553,CP06-2400,biparental
CP16-1062,CP08-1183,CP08-1965,biparental
CP16-1139,CP08-1553,CP06-2897,biparental
CP16-1544,CP97-1777,CP08-1553,biparental
CP16-1745,CP06-2400,CP97-1777,biparental
CP16-1829,CPCL97-2730,CP04-1935,biparental
CP16-1883,CPCL05-1201,CP07-1746,biparental
CP16-2200,CPCL05-1791,CP07-2547,biparental
CP16-2283,CP06-2897,CP06-2400,biparental
CP16-2295,CP05-1526,CP06-2400,biparental
CP16-4288,,,
CP16-4405,,,
CP16-4502,,,
CP16-4524,,,
CP16-4686,,,
CP16-4720,,,
CP17-1254,CP09-4153,CP06-2897,biparental
CP17-1413,CP08-1965,CP11-1314,biparental
CP17-1470,CP12-1342,CP11-1314,biparental
CP17-1661,CP11-2545,CPCL99-2651,biparental
CP17-1893,CP06-2400,CP06-2042,biparental
CP17-1934,CP10-1208,CP06-2042,biparental
CP17-1966,CP09-2392,POLY14-021,biparental
CP17-1968,CP09-2392,POLY14-021,biparental
CP17-2018,B35-0009,CP04-1935,biparental
CP17-2031,CL83-3431,CP06-2400,biparental
CP17-2061,CP12-1246,CP09-1512,biparental
CP17-2134,CP00-1630,CP06-2400,biparental
CP17-2281,CPCL05-1102,CP06-2400,biparental
CP17-2315,CPCL02-8021,CP06-2400,biparental
CP17-2348,CPCL99-2651,CP99-1893,biparental
CP17-2360,CP09-1874,CP06-2400,biparental
CP17-2393,CP00-1630,CP97-1777,biparental
CP17-2411,CP10-2002,CPCL02-8021,biparental
CP17-2435,CP10-1478,CP08-1553,biparental
CP17-4055,CP07-2046,POLY13-009,biparental
CP17-4154,CP09-4267,CP05-1616,biparental
CP17-4181,CP04-1935,POLY13-012,biparental
CP17-4262,CP09-1874,CP01-2390,biparental
CP17-4264,CP09-1874,CP01-2390,biparental
CP17-4456,CPCL97-0393,CP06-2897,biparental
CP17-4511,CP06-2495,CP11-2324,biparental
CP17-4523,CP09-4267,CP01-2390,biparental
CP17-4572,CPCL05-1201,CPCL99-2651,biparental
CP17-4628,CPCL05-1201,CP11-1314,biparental
CP17-4654,CP84-1198,CP04-1935,biparental
CP17-4665,CP84-1198,CP04-1935,biparental
CP17-4681,CP09-1874,CP84-1198,biparental
CP17-4731,CP09-1874,CP07-2547,biparental
CP17-4791,CPCL97-2730,CP07-2547,biparental
CP17-4793,CPCL97-2730,CP07-2547,biparental
CP17-4805,CPCL97-2730,CP07-2547,biparental
CP17-4806,CPCL97-2730,CP07-2547,biparental
CP17-4813,CP09-1874,CP07-2547,biparental
CP17-4830,CP09-1874,CP07-2547,biparental
CP18-1038,CP08-2506,CP92-1167,biparental
CP18-1129,CP06-2897,CP01-2390,biparental
CP18-1224,CP06-2897,CP11-1314,biparental
CP18-1486,GA59-0024,CP11-1314,biparental
CP18-1519,CP06-2897,CP08-1183,biparental
CP18-1580,CP10-2002,CP06-2400,biparental
CP18-1586,CP08-1995,CP06-2400,biparental
CP18-1590,CP08-1995,CP06-2400,biparental
CP18-1591,CP08-1995,CP06-2400,biparental
CP18-1606,CP10-2002,CP11-1314,biparental
CP18-1680,CP10-2002,CP06-2897,biparental
CP18-1685,#8ColdHardy,CP06-2897,biparental
CP18-1880,CP11-2013,CPCL99-2651,biparental
CP18-2021,CP09-2392,CP84-1198,biparental
CP18-2140,CP06-2400,CP07-2547,biparental
CP18-2222,CP99-1893,CP08-1553,biparental
CP18-2248,BR97-2001,CP06-2042,biparental
CP18-2320,ISD30,CP06-2042,biparental
CP18-2329,,,
CP18-2351,CG04-9694,CP08-1553,biparental
CP18-2362,CG04-9694,CP08-1553,biparental
CP18-2439,GX7,POLY09-26,biparental
CP18-4027,CP04-1844,CPCL02-8021,biparental
CP18-4035,CP09-4153,CP09-4067,biparental
CP18-4125,CP09-2392,CP08-1553,biparental
CP18-4144,CP04-1935,POLY13-012,biparental
CP18-4264,CP09-2392,CP06-2400,biparental
CP18-4270,CP09-2392,CP06-2400,biparental
CP18-4475,CPCL97-2730,CP07-2547,biparental
CP18-4485,CPCL05-1791,CP06-2400,biparental
CP18-4523,CPCL05-1791,CP08-1553,biparental
CP18-4642,CP06-2495,CP11-1314,biparental
CP18-4692,CP06-2897,CP11-2545,biparental
CP18-4731,CP06-2897,CP11-2545,biparental
CP19-1147,CP09-1132,CP03-1026,biparental
CP19-1163,CP97-1777,CP08-1553,biparental
CP19-1178,CP08-1553,POLY13-011,biparental
CP19-1254,CPCL99-2651,CP07-2547,biparental
CP19-1435,#8ColdHardy,CP08-1995,biparental
CP19-1795,CP10-1478,CP08-1553,biparental
CP19-1801,Q196,CP08-1553,biparental
CP19-1819,CP02-1564,CP84-1198,biparental
CP19-1834,CP02-1564,CP84-1198,biparental
CP19-2031,CP12-1757,CP08-1553,biparental
CP19-2051,CP12-1757,CP08-1553,biparental
CP19-2108,CR03-0038,CP08-1553,biparental
CP19-2136,CP13-1615,CP08-1553,biparental
CP19-2309,CP11-2412,CP06-2042,biparental
CP19-2317,N37,CR04-0001,biparental
CP19-2338,CP07-2547,CR04-0001,biparental
CP19-2426,CP09-1262,CP11-1314,biparental
CP19-4012,CP08-2400,POLY10-09,biparental
CP19-4034,CP03-1912,CP97-1777,biparental
CP19-4099,CP03-1912,CP08- 1553,biparental
CP19-4154,CP08-1913,CP08-1553,biparental
CP19-4215,CP09-3033,CP09-4067,biparental
CP19-4291,CP09-1874,CP01-2390,biparental
CP19-4312,CP09-1874,CP01-2390,biparental
CP19-4366,CPCL97-2730,CP09-4251,biparental
CP19-4398,CPCL97-0393,CP08-1183,biparental
CP19-4471,CL89-5189,CP05-1616,biparental
CP19-4524,CP02-1564,CP07-2547,biparental
CP19-4565,CP09-2392,CP84-1198,biparental
CP19-4593,CP09-2392,CP84-1198,biparental
CP19-4681,CP09-4153,CP07-2547,biparental
CP19-4825,CP10-1620,CP11-2324,biparental
CP21-1218,,,
CP21-1466,,,
CP21-1591,,,
CP21-1717,,,
CP21-1940,,,
CP21-2274,,,
CP21-2400,,,
CP21-2457,,,
CP21-2485,,,
CP27-0022,D74,US0785,biparental
CP27-0028,,,
CP27-0034,D74,US1694,biparental
CP27-0035,D74,US1694,biparental
CP27-0038,,,
CP27-0108,POJ2364,CP0726,biparental
CP27-0139,POJ2725,US1694,biparental
CP27-0156,CP0040,US1639,biparental
CP28-0044,Co281,CP27-0038,biparental
CP28-0116,CP27-0028,CP27-0038,biparental
CP29-0103,POJ2725,CP1165,biparental
CP29-0138,POJ2725,CP1165,biparental
CP29-0307,Co281,POJ2878,biparental
CP29-0320,Co281,CP27-0034,biparental
CP30-0024,CP27-0022,CP1165,biparental
CP31-0432,CP29-0307,POJ2878,biparental
CP31-0518,D74,28NG251,biparental
CP33-0030,CP28-0116,CP29-0138,biparental
CP33-0224,CP27-0139,CP31-0432,biparental
CP33-0229,CP27-0139,CP31-0432,biparental
CP33-0372,CP1165,CP28-0044,biparental
CP34-0079,CP33-0030,CP1161,biparental
CP34-0120,Co281,POJ2878,biparental
CP36-0105,Co281,CP1165,biparental
CP36-0138,Crystalina,28NG251,biparental
CP36-0211,POJ2725,Honey Sorghum,biparental
CP38-0034,Co421,CP27-0156,biparental
CP43-0047,Co281,CP1165,biparental
CP43-0064,CP36-0138,CP27-0108,biparental
CP43-0074,Co281,CP1165,biparental
CP44-0101,Co281,CP1165,biparental
CP44-0126,CP33-0229,CP33-0224,biparental
CP44-0155,CP33-0229,CP33-0224,biparental
CP48-0103,CP29-0320,Co290,biparental
CP48-0120,CP36-0105,CP38-0034,biparental
CP48-0126,CP36-0105,CP38-0034,biparental
CP50-0040,F36-0819,CP36-0105,biparental
CP51-0024,F36-0819,CP43-0074,biparental
CP52-0001,CP29-0103,CP33-0229,biparental
CP52-0011,CP34-0120,CP38-0034,biparental
CP52-0034,CP33-0372,CP43-0064,biparental
CP52-0048,CP36-0105,CP38-0034,biparental
CP52-0068,CP29-0320,CP38-0034,biparental
CP53-0005,CP44-0126,CP30-0024,biparental
CP53-0016,F36-0819,CP48-0126,biparental
CP53-0017,F36-0819,CP48-0126,biparental
CP53-0018,F36-0819,CP48-0126,biparental
CP54-0378,,,
CP55-0038,CP43-0064,CP33-0224,biparental
CP56-0059,CL47-0083,CP34-0079,biparental
CP56-0063,CL47-0083,CP36-0105,biparental
CP57-0101,F36-0819,CP48-0126,biparental
CP57-0120,B45181,CP43-0074,biparental
CP57-0603,CL47-0143,CL47-0083,biparental
CP57-0614,CL47-0143,CP53-0017,biparental
CP57-0621,CL47-0143,CP52-0011,biparental
CP59-0050,CP44-0155,CP52-0034,biparental
CP60-0044,CP44-0155,CP48-0126,biparental
CP61-0037,CP48-0103,CP55-0038,biparental
CP61-0039,CP48-0103,CP55-0038,biparental
CP61-0084,CP48-0103,CP43-0064,biparental
CP62-0258,CP53-0018,CP33-0224,biparental
CP62-0374,CP53-0018,CP33-0224,biparental
CP63-0361,CP52-0068,CP44-0101,biparental
CP63-0561,CP57-0101,US60-8-3,biparental
CP63-0571,CL54-0134,US60-8-3,biparental
CP63-0588,CL54-1910,CP57-0120,biparental
CP64-0313,CP52-0001,CP48-0103,biparental
CP65-0357,CP52-0068,CP53-0017,biparental
CP66-0315,CP52-0068,CP53-0017,biparental
CP66-0346,CP44-0155,CP50-0040,biparental
CP66-1043,CP52-0001,CP57-0614,biparental
CP67-0412,CP44-0155,CP53-0016,biparental
CP67Poly06,,,
CP68-1022,CL47-0083,CP57-0614,biparental
CP68-1067,CP52-0068,CP57-0603,biparental
CP69-0338,CP60-0044,CP53-0016,biparental
CP69-0380,CP51-0024,CP53-0005,biparental
CP70-0300,CP61-0084,CP57-0614,biparental
CP70-0321,CP61-0039,CP57-0614,biparental
CP70-0330,CP61-0039,CP57-0614,biparental
CP70-1133,CP56-0063,CP67Poly06,biparental
CP71-0318,CP52-0068,CP62-0258,biparental
CP71-0321,CP52-0068,CP62-0258,biparental
CP71-0382,CP61-0039,CP62-0258,biparental
CP71-0404,CP63-0571,CL47-0083,biparental
CP71-0405,CP63-0571,CL47-0083,biparental
CP71-0411,L60-0025,US65-096-0198,biparental
CP71-0421,CP63-0571,CL47-0083,biparental
CP71-0424,CP48-0103,CP63-0561,biparental
CP71-0441,CP63-0571,CL47-0083,biparental
CP71-0471,CP52-0068,CP63-0561,biparental
CP71-1038,CP52-0068,CP56-0059,biparental
CP72-0355,CP52-0068,CP62-0258,biparental
CP72-0356,CP63-0361,CP62-0258,biparental
CP72-0370,CP61-0037,CP52-0068,biparental
CP72-1210,CP65-0357,CP56-0063,biparental
CP72-1312,CP65-0357,CP56-0063,biparental
CP72-1370,,,
CP72-2083,CP62-0374,CP63-0588,biparental
CP72-2086,CP62-0374,CP63-0588,biparental
CP73-0343,CP65-0357,L65-0069,biparental
CP73-0350,CP65-0357,L65-0069,biparental
CP73-0351,CP65-0357,L65-0069,biparental
CP73-1311,CP52-0068,CP63-0588,biparental
CP73-1547,CP66-1043,CP56-0063,biparental
CP74-0328,CP65-0357,L62-0086,biparental
CP74-0385,CP65-0357,L65-0069,biparental
CP74-0398,CP65-0357,CP57-0614,biparental
CP75-1091,CP68-1067,CP70-1133,biparental
CP75-1632,,,
CP76-0301,CP52-0068,CP67-0412,biparental
CP76-0331,CP65-0357,L65-0069,biparental
CP77-0310,CP52-0068,L65-0069,biparental
CP77-0402,CP71-0404,CP71-0405,biparental
CP77-0403,CP71-0404,CP69-0338,biparental
CP77-0407,CP71-0421,CP66-0315,biparental
CP77-0413,CP69-0380,CP71-0411,biparental
CP77-0414,CP69-0380,CP71-0471,biparental
CP78-0304,CP65-0357,CP71-0441,biparental
CP78-0317,CP71-0441,L65-0069,biparental
CP78-1610,CP68-1067,CP68-1022,biparental
CP78Poly08,,,
CP79-0301,CP65-0357,L65-0069,biparental
CP79-0318,CP65-0357,L65-0069,biparental
CP79-0348,CP74-0398,US70-16-3,biparental
CP80-0313,CP65-0357,CP71-0424,biparental
CP80-0323,CP70-0321,CP66-0346,biparental
CP80-0356,CP70-0300,CP66-0346,biparental
CP80-1151,CP70-1133,CP72-1370,biparental
CP80-1743,CP72-2083,CP68-1067,biparental
CP80-1827,CP70-1133,CP73-1311,biparental
CP81-0316,CP65-0357,L65-0069,biparental
CP81-0325,CP71-0318,CP73-0343,biparental
CP81-0332,unknown,unknown,self
CP81-1238,,,
CP81-1254,CP72-1210,CP78Poly08,biparental
CP81Poly01,,,
CP82-0513,CP61-0039,CP72-0355,biparental
CP82-1172,,,
CP82-1592,CP72-1210,CP70-1133,biparental
CP82-2043,CP72-1312,CP77-0407,biparental
CP82Poly01,,,
CP83-0601,CP72-0370,CP73-0351,biparental
CP83-0606,CP74-0385,CP72-0370,biparental
CP83-0644,CP74-0385,CP63-0588,biparental
CP83-0657,CP70-0321,CP77-0414,biparental
CP83-1969,,,
CP84-0722,CP70-1133,CP73-0350,biparental
CP84-0742,CP70-1133,CP73-0350,biparental
CP84-1198,CP70-1133,CP72-2086,biparental
CP84-1322,CP52-0068,CP72-2086,biparental
CP84-1591,,,
CP85-1308,,,
CP85-1491,,,
CP85Poly06,,,
CP87-1475,CP80-1151,CP72-1210,biparental
CP87-1628,,,
CP87-1733,,,
CP87-1737,,,
CP88-0757,CP79-0318,CP72-0370,biparental
CP88-1162,,,
CP88-1762,CP80-1743,CP85Poly06,biparental
CP88-2045,NG77-0132,CP70-1133,biparental
CP89-0831,CP72-0370,CP76-0331,biparental
CP89-0837,CP81-0316,CP76-0301,biparental
CP89-0846,CP81-0325,CP78-0304,biparental
CP89-1509,,,
CP89-2143,CP81-1254,CP72-2086,biparental
CP89-2372,CP70-1133,CP43-0047,biparental
CP89-2377,,,
CP89Poly03,,,
CP90-1030,,,
CP90-1204,,,
CP90-1233,,,
CP90-1436,CP81-0332,CP78-1610,biparental
CP90-1533,NG57-252,88P06,biparental
CP90-1538,,,
CP90-1549,,,
CP91-1696,,,
CP91-1980,,,
CP91-2234,,,
CP91-2410,,,
CP92-1167,CP84-1591,SP70-1143,biparental
CP92-1666,CP82-1592,CP84-1322,biparental
CP93-1382,CP82-2043,CL73-0239,biparental
CP94-1100,CP81-1238,CP88-2045,biparental
CP94-1200,CP83-1969,CP80-1743,biparental
CP94-1528,CP72-2086,91P13,biparental
CP94-1607,CP87-1733,CP85-1491,biparental
CP94-1952,CP91-2410,CP84-1198,biparental
CP94-2045,CP89-2372,CP80-1827,biparental
CP94-2059,CP87-1475,CP85-1308,biparental
CP94-2095,CP87-1737,CP72-1210,biparental
CP94-2203,unknown,US90-1072,biparental
CP95-1039,CP81-1238,CP84-1198,biparental
CP95-1569,CP87-1475,CP70-1133,biparental
CP95-2318,CP87-1628,US90-1090,biparental
CP96-1252,CP90-1538,CP84-1198,biparental
CP96-1310,CP75-1091,CP84-1198,biparental
CP96-1865,,,
CP97-1362,CP91-2234,CL72-0321,biparental
CP97-1387,CP90-1533,CL61-0620,biparental
CP97-1777,CP90-1233,CP57-0603,biparental
CP97-1989,CP75-1091,CL61-0620,biparental
CP97-2068,CP90-1204,CP90-1436,biparental
CP98-1029,CP91-1980,CP94-1952,biparental
CP98-1119,CL61-0620,US87-1006,biparental
CP98-1325,CP90-1030,95P8,biparental
CP99-1893,CP87-1475,CP72-1210,biparental
CP99-1896,CP90-1204,CP90-1436,biparental
CPCL00-0458,CPCL87-2882,CL89-5189,biparental
CPCL00-4027,,,
CPCL00-6756,,,
CPCL01-0271,,,
CPCL01-0877,,,
CPCL02-0796,CP80-1743,POLY01-8,biparental
CPCL02-0926,CP80-1743,CL92-0046,biparental
CPCL02-6848,CL92-2533,POLY01-9,biparental
CPCL02-7610,CL90-4500,CL88-4730,biparental
CPCL02-8021,CP96-1252,CL89-5457,biparental
CPCL02-8147,,,
CPCL02-8149,,,
CPCL05-1050,CL86-5687,CL95-5255,biparental
CPCL05-1102,CL89-5189,CL88-4730,biparental
CPCL05-1201,CL87-2882,CL93-2679,biparental
CPCL05-1791,CP96-1252,CL90-4725,biparental
CPCL06-3332,CL90-5017,CP88-1762,biparental
CPCL06-3458,CP96-1252,CL93-5185,biparental
CPCL13-4046,CP96-1252,CL90-4725,biparental
CPCL14-4066,CL88-4730,POLY01-6,biparental
CPCL87-2882,,,
CPCL95-2287,,,
CPCL97-0393,,,
CPCL97-2730,,,
CPCL99-2103,,,
CPCL99-2651,,,
CPF-0249,,,
CPF-0250,,,
CR00-026,,,
CR03-0038,,,
CR04-0001,,,
CR94-1006,,,
CR95-1007,,,
CR97-1008,,,
Crystalina,,,
CSSG-0032,,,
CSSG-0033,,,
D74,RoseBamboo,unknown S.  officinarum,biparental
EK28,,,
F31-0436,POJ2725,CP27-0035,biparental
F31-0452,POJ2725,CP27-0035,biparental
F31-0962,CP27-0108,Co281,biparental
F36-0819,POJ2878,F31-0962,biparental
FM3,,,
FX1,,,
GA59-0024,,,
GreenSport,StripedMauritius,unknown,biparental
GX7,,,
Ho00-0011,CP70-1133,IND81-0142,biparental
Ho01-0008,CP83-0644,IND81-0166,biparental
Ho06-9017,HoCP99-0839,Ho00-0011,biparental
Ho06-9610,Ho90-0018,01P3,biparental
Ho07-0613,HoCP00-0905,HoCP96-0540,biparental
Ho08-0730,Ho01-0008,L99-0226,biparental
Ho09-0824,HoCP99-0825,HoCP96-0540,biparental
Ho09-0850,CP89-0831,Ho94-0856,biparental
Ho10-0919,L99-0233,04P02,biparental
Ho11-0511,HoCP96-0540,HoCP01-0517,biparental
Ho11-0573,TucCP77-0042,HoCP01-0553,biparental
Ho12-0616,Tuc89-0028,HoCP01-0517,biparental
Ho12-0627,HoCP85-0845,L99-0226,biparental
Ho12-0630,HoCP05-0918,HoCP96-0540,biparental
Ho12-9409,HoCP00-0932,Ho06-9017,biparental
Ho13-0739,Ho06-9610,HoCP04-0838,biparental
Ho14-0722,,,
Ho16-0600,Ho10-0919,Ho09-0824,biparental
Ho16-0603,Ho10-0919,Ho09-0824,biparental
Ho16-0637,HoCP09-0810,HoCP10-0905,biparental
Ho16-0663,HoCP09-0847,HoCP10-0900,biparental
Ho16-0666,Ho10-0919,HoCP10-0905,biparental
Ho17-0722,Ho08-0730,HoCP05-0918,biparental
Ho17-0723,HoL10-0935,HoCP11-0577,biparental
Ho17-0760,HoCP11-0566,HoCP04-0838,biparental
Ho17-0762,HoCP05-0918,Ho11-0511,biparental
Ho18-0878,HoCP12-0676,Ho12-9409,biparental
Ho72-0019,CP64-0313,SES147B,biparental
Ho72-0071,L60-0025,SES006,biparental
Ho78-0001,CP61-0037,Ho72-0071,biparental
Ho82-0044,CP65-0357,SES273,biparental
Ho86-0016,Ho78-0001,CP81Poly01,biparental
Ho90-0017,CP83-0601,CP80-0323,biparental
Ho90-0018,CP79-0348,CP83-0657,biparental
Ho94-0856,Ho86-0016,CP89Poly03,biparental
Ho94-0861,CP65-0357,Ho82-0044,biparental
HoCP00-0905,HoCP91-0542,HoCP90-0956,biparental
HoCP00-0932,HoCP91-0542,HoCP91-0552,biparental
HoCP00-0938,HoCP91-0542,HoCP91-0552,biparental
HoCP01-0517,HoCP92-0631,CP84-1198,biparental
HoCP01-0523,TCP85-3374,HoCP85-0845,biparental
HoCP01-0529,CP88-0757,LCP85-0384,biparental
HoCP01-0553,LCP85-0384,LCP86-0454,biparental
HoCP02-0625,CP89-0831,LCP85-0384,biparental
HoCP04-0821,HoCP93-0746,L93-0378,biparental
HoCP04-0838,HoCP85-0845,LCP85-0384,biparental
HoCP04-0852,HoCP92-0674,Ho94-0861,biparental
HoCP04-0856,CP89-0831,HoCP96-0540,biparental
HoCP05-0918,Ho94-0856,HoCP90-0941,biparental
HoCP05-0920,Ho94-0856,HoCP90-0941,biparental
HoCP05-0923,CP89-0837,HoCP93-0750,biparental
HoCP05-0927,LCP86-0454,HoCP92-0631,biparental
HoCP09-0804,HoCP02-0625,HoCP01-0523,biparental
HoCP09-0808,HoCP01-0529,HoCP01-0553,biparental
HoCP09-0810,HoCP01-0529,HoCP01-0553,biparental
HoCP09-0847,HoCP00-0938,HoCP96-0540,biparental
HoCP10-0900,HoCP99-0825,HoCP99-0866,biparental
HoCP10-0905,HoCP99-0825,HoCP99-0866,biparental
HoCP11-0566,HoCP04-0856,L99-0226,biparental
HoCP11-0577,HoCP04-0821,HoCP01-0517,biparental
HoCP12-0676,CPCL00-0458,HoCP01-0517,biparental
HoCP14-0885,Ho07-0613,HoCP05-0920,biparental
HoCP15-0543,CPCL02-8021,HoCP96-0540,biparental
HoCP16-0674,L08-0090,HoCP04-0852,biparental
HoCP17-0710,HoCP09-0808,Ho09-0850,biparental
HoCP17-0714,HoCP05-0918,Ho09-0824,biparental
HoCP85-0845,CP72-0370,CP77-0403,biparental
HoCP90-0941,LCP81-0009,CP80-0323,biparental
HoCP90-0956,CP70-0330,LCP81-0030,biparental
HoCP91-0542,CP72-0370,LCP81-0030,biparental
HoCP91-0552,LCP81-0010,CP72-0356,biparental
HoCP91-0559,CP70-0321,CP72-1210,biparental
HoCP92-0631,CP81-0325,CP71-1038,biparental
HoCP92-0674,CP83-0606,LCP81-0030,biparental
HoCP93-0746,LCP81-0010,CP82-0513,biparental
HoCP93-0750,CP84-0722,LCP81-0030,biparental
HoCP96-0540,LCP86-0454,LCP85-0384,biparental
HoCP96-0569,LCP86-0454,CP70-0321,biparental
HoCP99-0825,CP79-0348,HoCP91-0552,biparental
HoCP99-0839,HoCP85-0845,LCP85-0384,biparental
HoCP99-0866,HoCP91-0559,HoCP90-0956,biparental
HoL10-0935,HoCP85-0845,L02-0328,biparental
Honey Sorghum,,,
HoSG-0031,,,
HoSG-0315,,,
IAC48-0065,CP27-0108,IACPolycross,biparental
IACPolycross,,,
IK76-0065,,,
IND81-0142,,,
IND81-0166,,,
ISD30,,,
KaludaiBoothan,,,
Kansar,,,
Kassoer,unknown Java S. officinarum,unknown Java S. officinarum,self
L00-0273,L91-0281,L93-0365,biparental
L02-0328,L94-0424,LCP85-0384,biparental
L03-0391,unknown,CP78-0317,biparental
L08-0090,HoCP91-0552,L99-0226,biparental
L60-0025,CP52-0068,CP48-0103,biparental
L62-0086,CP36-0105,CP44-0155,biparental
L65-0069,CP52-0001,CP48-0103,biparental
L91-0281,CP78-0317,LCP81-0030,biparental
L93-0365,CP78-0304,CP72-2086,biparental
L93-0378,LCP85-0313,LCP85-0336,biparental
L94-0424,LCP81-0010,LCP82-0089,biparental
L99-0226,CP89-0846,LCP81-0030,biparental
L99-0233,CP79-0348,HoCP91-0552,biparental
LCP81-0009,CP65-0357,CP77-0402,biparental
LCP81-0010,CP74-0328,CP70-1133,biparental
LCP81-0030,CP61-0037,CP73-0351,biparental
LCP82-0089,CP52-0068,CP72-0370,biparental
LCP85-0313,CP77-0414,CP67-0412,biparental
LCP85-0336,CL65-0279,CP77-0413,biparental
LCP85-0384,CP77-0310,CP77-0407,biparental
LCP86-0454,CP77-0310,CP69-0380,biparental
LF5651,,,
LF65-3611,,,
Loethers,,,
M1392/00,,,
M1989/99,,,
M2,KaludaiBoothan,unknown Indian S. spontaneum,biparental
male mix 09E,,,
male mix 09F,,,
Mex79-0431,,,
Mix 07 I,,,
Mix 07 K,,,
Mix 07 Q,,,
Mix 07 U,,,
Mix 08-1X,,,
Mix 08-B,,,
Mix88-L,,,
MQ724005,,,
MX10-01,,,
N22,,,
N37,,,
N41,74L0790,82W1542,biparental
N49,,,
N53,,,
N55,,,
N58,,,
NA011806,,,
NA01640,,,
NA033300,,,
NA041992,,,
NA05-0811,,,
NA051673,,,
NA052115,,,
NA052748,,,
NA0559,,,
NA56-0042,,,
NG51-0105,,,
NG51-0144,,,
NG51-058,,,
NG57-252,,,
NG77-0132,,,
NSG-0197,,,
OkinawaTekcha,,,
Pasoeroean,,,
POJ0100,BanjermasinHitam,Loethers,biparental
POJ0181,BlackCheribon,Chunnee,biparental
POJ0213,BlackCheribon,Chunnee,biparental
POJ0385,POJ0100,Chunnee,biparental
POJ1499,POJ0181,POJ0385,biparental
POJ2364,POJ0100,Kassoer,biparental
POJ2725,POJ2364,EK28,biparental
POJ2878,POJ2364,EK28,biparental
POLY01-6,,,
POLY01-8,,,
POLY01-9,,,
POLY06-30,,,
POLY06-35,,,
POLY06-47,,,
POLY07-04,,,
POLY08-19,,,
POLY09-14,,,
POLY09-16,,,
POLY09-23,,,
POLY09-24,,,
POLY09-25,,,
POLY09-26,,,
POLY10-04,,,
POLY10-09,,,
POLY10-18,,,
POLY11-07,,,
POLY11-14,,,
POLY12-29,,,
POLY13-009,,,
POLY13-011,,,
POLY13-012,,,
POLY14-021,,,
PR61-0632,,,
PR68-3120,,,
Q196,,,
Q208,,,
Q232,,,
Q234,,,
Q235,,,
R575,,,
R584,,,
R95/2202,,,
Raiatea,,,
RoseBamboo,,,
Saccharum spontaneum,,,
SES006,,,
SES147B,,,
SES273,,,
SP70-1143,IAC48-0065,SPPolycross,biparental
SP79-2233,,,
SP89-1115,,,
SP90-1638,,,
SP91-1049,,,
SP91-1397,,,
SPPolycross,,,
StripedMauritius,,,
TCP00-4518,TCP88-3448,TCP89-3513,biparental
TCP85-3374,,,
TCP87-3388,CP70-0321,CP82Poly01,biparental
TCP88-3448,CP80-0313,CP70-0321,biparental
TCP89-3513,CP80-0356,CP79-0301,biparental
TCP98-4450,CP71-0382,Ho90-0017,biparental
TCP98-4454,,,
Tuc89-0028,,,
TucCP77-0042,CP71-0321,Ho72-0019,biparental
unknown,,unknown,
unknown Indian S. spontaneum,,,
unknown Java S. officinarum,,,
unknown S.  officinarum,,,
US02-0099,HoCP96-0569,US93-0017,biparental
US02-1027,,,
US0785,Kassoer,unknown,biparental
US1484,POJ0213,unknown,biparental
US1639,POJ0213,unknown,biparental
US1694,POJ0213,unknown,biparental
US21-0006,,,
US56-15-8,,,
US60-8-3,CP52-0001,US56-15-8,biparental
US61-51-2,CP52-0068,Pasoeroean,biparental
US65-0064-0045,CP59-0050,CP31-0518,biparental
US65-096-0198,CP57-0621,US61-51-2,biparental
US67-22-2,,,
US70-16-3,US65-0064-0045,CP57-0603,biparental
US74-1315,,,
US84-1058,,,
US87-1006,,,
US87-1019,,,
US90-0018,CP79-0348,CP83-0657,biparental
US90-1072,,,
US90-1090,,,
US93-0017,HoCP85-0845,CP84-0742,biparental
US99-1055,,,