"id","totalbiomass","ratooningability","averagebrix","observed"
"BR97-1004",2458.06,0.4435,20.0707,FALSE
"BR97-2001",2458.06,0.4435,20.0707,FALSE
"CG01-0027",2458.06,0.4435,20.0707,FALSE
"CG01-0053",2458.06,0.4435,20.0707,FALSE
"CG01-0087",2458.06,0.4435,20.0707,FALSE
"CG02-0163",2157.07,0.4383,19.85,FALSE
"CG03-0292",2458.06,0.4435,20.0707,FALSE
"CG03-25",2458.06,0.4435,20.0707,FALSE
"CG04-1171",2458.06,0.4435,20.0707,FALSE
"CG04-9324",2458.06,0.4435,20.0707,FALSE
"CG04-9543",2458.06,0.4435,20.0707,FALSE
"CG04-9568",2458.06,0.4435,20.0707,FALSE
"CG04-9615",2458.06,0.4435,20.0707,FALSE
"CG04-9694",2458.06,0.4435,20.0707,FALSE
"CG05-1024",2458.06,0.4435,20.0707,FALSE
"CG05-12577",2458.06,0.4435,20.0707,FALSE
"CG05-1292",2458.06,0.4435,20.0707,FALSE
"CG05-6552",2458.06,0.4435,20.0707,FALSE
"CG05-7312",2458.06,0.4435,20.0707,FALSE
"CG05-77440",2458.06,0.4435,20.0707,FALSE
"CG05-77654",2458.06,0.4435,20.0707,FALSE
"CG05-7862",2458.06,0.4435,20.0707,FALSE
"CG06-12630",2458.06,0.4435,20.0707,FALSE
"CG06-14866",2370.54,0.4451,19.9894,FALSE
"CG06-83223",2458.06,0.4435,20.0707,FALSE
"CG08-1297",2458.06,0.4435,20.0707,FALSE
"CG09-1164",2458.06,0.4435,20.0707,FALSE
"CG09-133119",2458.06,0.4435,20.0707,FALSE
"CG09-2204",2458.06,0.4435,20.0707,FALSE
"CG09-22213",2458.06,0.4435,20.0707,FALSE
"CG10-044124",2458.06,0.4435,20.0707,FALSE
"CG10-044130",2458.06,0.4435,20.0707,FALSE
"CG10-24985",2458.06,0.4435,20.0707,FALSE
"CG11-6258",2458.06,0.4435,20.0707,FALSE
"CG12-0116",2458.06,0.4435,20.0707,FALSE
"CG12-0123",2399.56,0.4479,19.8448,FALSE
"CG12-318018",2381.01,0.4442,20.0039,FALSE
"CG12-324003",2458.06,0.4435,20.0707,FALSE
"CG96-0001",2458.06,0.4435,20.0707,FALSE
"CG99-0087",2458.06,0.4435,20.0707,FALSE
"CGMex10-26315",2458.06,0.4435,20.0707,FALSE
"CL83-4266",2458.06,0.4435,20.0707,FALSE
"CL84-3152",2458.06,0.4435,20.0707,FALSE
"CL87-2882",2489.44,0.4506,19.8319,FALSE
"CL88-2747",2501.85,0.4424,19.9504,FALSE
"CL88-4730",2375.81,0.4418,20.1875,FALSE
"CL93-2679",2489.44,0.4506,19.8319,FALSE
"CP00-1101",2254.69,0.4437,20.3387,TRUE
"CP00-1630",2540.73,0.443,19.9901,FALSE
"CP01-2390",2533.76,0.4503,20.0041,TRUE
"CP03-1912",2428.62,0.4436,19.8438,FALSE
"CP04-1566",2430.28,0.4494,19.6449,FALSE
"CP04-1935",2304.34,0.4434,19.703,FALSE
"CP05-1526",2498.94,0.4409,19.8458,TRUE
"CP06-2042",2550.07,0.4417,20.3626,TRUE
"CP06-2400",2747.64,0.4356,19.9414,TRUE
"CP06-2425",2477.82,0.4414,20.038,FALSE
"CP06-2495",2458.06,0.4435,20.0707,FALSE
"CP06-2897",2188.35,0.4446,19.9052,TRUE
"CP06-2964",2305.45,0.445,19.9701,FALSE
"CP06-3103",2458.06,0.4435,20.0707,FALSE
"CP07-1313",2458.06,0.4435,20.0707,FALSE
"CP07-1606",2568.35,0.4431,20.7696,TRUE
"CP07-2320",2404.53,0.4464,20.5861,TRUE
"CP07-2547",2538.37,0.4462,19.9165,FALSE
"CP08-1110",2417.39,0.4434,20.0369,FALSE
"CP08-1183",2368.75,0.4486,20.0234,FALSE
"CP08-1553",2563.51,0.4588,19.9662,TRUE
"CP08-1968",2318.58,0.4443,19.9578,FALSE
"CP08-1995",2691.88,0.4357,19.6667,TRUE
"CP08-2506",2173.23,0.4352,21.0201,TRUE
"CP09-1132",2702.52,0.4526,19.8108,TRUE
"CP09-1390",2319.18,0.4399,20.0367,TRUE
"CP09-1430",2098.1,0.4428,20.6867,TRUE
"CP09-1822",2316.02,0.447,20.0837,FALSE
"CP09-1874",2313.18,0.4409,20.2544,FALSE
"CP09-1952",2456.29,0.4518,20.5365,TRUE
"CP09-2067",2359.76,0.4445,20.194,TRUE
"CP09-2392",2586.01,0.4482,20.0829,FALSE
"CP09-4153",2458.06,0.4435,20.0707,FALSE
"CP09-4758",2458.06,0.4435,20.0707,FALSE
"CP10-1208",2495.77,0.4469,20.0374,FALSE
"CP10-1313",2313.5,0.4381,20.4204,TRUE
"CP10-1619",2312.15,0.4444,19.8449,TRUE
"CP10-1620",2289.09,0.4423,20.0981,FALSE
"CP10-1716",2377.51,0.4426,20.1597,FALSE
"CP10-2002",2543.14,0.4423,20.1524,TRUE
"CP10-2096",2391.1,0.4407,19.9394,FALSE
"CP10-2195",2768.54,0.4506,20.1738,TRUE
"CP10-2413",2378.89,0.4414,20.1431,FALSE
"CP11-1314",2717.61,0.4421,19.6014,TRUE
"CP11-1640",2495.77,0.4469,20.0374,FALSE
"CP11-1895",2375.81,0.4418,20.1875,FALSE
"CP11-1956",2255.33,0.4432,20.0723,TRUE
"CP11-2248",2461.32,0.4514,19.5864,TRUE
"CP11-2412",2420.06,0.4421,19.8556,FALSE
"CP12-1417",2396.07,0.4442,20.2977,FALSE
"CP12-1443",2420.55,0.4408,19.8226,FALSE
"CP12-1753",2277.63,0.4449,20.1769,FALSE
"CP12-1789",2536.16,0.4454,20.0212,FALSE
"CP12-2035",2422.73,0.4433,19.8889,FALSE
"CP12-2077",2397.2,0.4441,20.0198,FALSE
"CP12-2195",2458.06,0.4435,20.0707,FALSE
"CP12-2441",2329.01,0.445,19.9643,FALSE
"CP12-2479",2458.06,0.4435,20.0707,FALSE
"CP13-1223",2385.45,0.4337,20.0704,TRUE
"CP13-1512",2371.78,0.4435,19.9883,FALSE
"CP13-1612",2340.13,0.4355,19.9203,TRUE
"CP13-1615",2282.1,0.4343,20.0308,TRUE
"CP13-1903",2089.46,0.4461,20.1569,TRUE
"CP13-1954",2767.49,0.451,19.8404,TRUE
"CP13-4253",2458.06,0.4435,20.0707,FALSE
"CP13-4345",2458.06,0.4435,20.0707,FALSE
"CP13-4474",2438.3,0.4431,20.0999,FALSE
"CP13-4513",2458.06,0.4435,20.0707,FALSE
"CP13-4524",2458.06,0.4435,20.0707,FALSE
"CP13-4543",2458.06,0.4435,20.0707,FALSE
"CP13-4583",2458.06,0.4435,20.0707,FALSE
"CP13-4623",2117.64,0.4421,20.3261,TRUE
"CP14-1116",2006.5,0.4516,21.1207,TRUE
"CP14-1315",2243.47,0.4442,19.1756,TRUE
"CP14-1349",2280.41,0.4325,19.7108,TRUE
"CP14-1377",2301.18,0.4512,19.5312,TRUE
"CP14-1490",2230.77,0.4537,19.7347,TRUE
"CP14-1524",2730.15,0.4466,19.1581,TRUE
"CP14-1587",2291.76,0.4465,19.4539,TRUE
"CP14-1649",2232.86,0.4274,20.2779,TRUE
"CP14-1660",2323.48,0.447,19.7869,FALSE
"CP14-1933",2495.61,0.4416,19.8301,TRUE
"CP14-1934",2681.01,0.4392,19.5894,TRUE
"CP14-1999",2174.41,0.4581,19.6707,TRUE
"CP14-2188",2623.9,0.4394,20.3432,TRUE
"CP14-2402",2300.53,0.4322,20.7065,TRUE
"CP14-4277",2447.05,0.4465,19.8578,FALSE
"CP14-4326",2235.71,0.4502,19.5554,FALSE
"CP14-4330",2418,0.4427,20.1291,FALSE
"CP14-4380",2349.51,0.4435,19.9278,FALSE
"CP14-4486",2458.06,0.4435,20.0707,FALSE
"CP14-4570",2370.09,0.4394,19.993,FALSE
"CP14-4588",2469.12,0.4433,20.0064,FALSE
"CP14-4602",2294.93,0.4445,19.9516,FALSE
"CP15-1101",2345.73,0.4477,20.3207,TRUE
"CP15-1167",2302.63,0.4481,19.6441,FALSE
"CP15-1402",2367.86,0.443,20.0731,FALSE
"CP15-1608",2416.89,0.446,20.047,FALSE
"CP15-1801",2344.23,0.4459,19.6819,FALSE
"CP15-1937",2402.82,0.4412,18.7505,TRUE
"CP15-1975",2249.39,0.4588,20.5553,TRUE
"CP15-2263",2345.64,0.44,19.8952,TRUE
"CP15-2405",2150.39,0.4547,20.0336,TRUE
"CP15-2443",1988.31,0.452,19.0985,TRUE
"CP15-2516",2725.26,0.4433,19.8284,TRUE
"CP15-4229",2445.08,0.4436,19.9572,FALSE
"CP15-4302",2464.71,0.4513,20.0147,FALSE
"CP15-4719",2310.61,0.4458,19.7959,FALSE
"CP15-4811",2458.06,0.4435,20.0707,FALSE
"CP15-4844",2703.18,0.4468,19.9538,FALSE
"CP16-1062",2358.14,0.4459,20.0433,FALSE
"CP16-1139",2374.19,0.452,19.9357,FALSE
"CP16-1544",2444.03,0.4433,19.7634,TRUE
"CP16-1745",2465.08,0.4326,20.5673,TRUE
"CP16-1829",2382.76,0.4436,19.5597,TRUE
"CP16-1883",2440.31,0.4446,20.3642,TRUE
"CP16-2200",2391.86,0.4473,19.696,TRUE
"CP16-2283",2466.39,0.4412,20.2832,TRUE
"CP16-2295",2627.41,0.4382,19.8936,FALSE
"CP16-4288",2458.06,0.4435,20.0707,FALSE
"CP16-4405",2458.06,0.4435,20.0707,FALSE
"CP16-4502",2458.06,0.4435,20.0707,FALSE
"CP16-4524",2458.06,0.4435,20.0707,FALSE
"CP16-4686",2458.06,0.4435,20.0707,FALSE
"CP16-4720",2458.06,0.4435,20.0707,FALSE
"CP17-1254",2327.3,0.4441,19.988,FALSE
"CP17-1413",2534.07,0.4426,19.8323,FALSE
"CP17-1470",2610.82,0.4444,19.8194,FALSE
"CP17-1661",2458.06,0.4435,20.0707,FALSE
"CP17-1893",2651.36,0.4386,20.152,FALSE
"CP17-1934",2523.76,0.4443,20.2,FALSE
"CP17-1966",2521.72,0.4459,20.0768,FALSE
"CP17-1968",2521.72,0.4459,20.0768,FALSE
"CP17-2018",2380.99,0.4434,19.8868,FALSE
"CP17-2031",2608.52,0.4394,20.006,FALSE
"CP17-2061",2497.06,0.4473,20.0422,FALSE
"CP17-2134",2647.5,0.4392,19.9657,FALSE
"CP17-2281",2511.27,0.4375,20.1228,FALSE
"CP17-2315",2560.85,0.4441,19.965,FALSE
"CP17-2348",2364.77,0.4458,19.9675,FALSE
"CP17-2360",2535.2,0.4381,20.0979,FALSE
"CP17-2393",2412.78,0.4389,20.0662,FALSE
"CP17-2411",2434.14,0.4478,20.0705,FALSE
"CP17-2435",2475.12,0.4515,20.0423,FALSE
"CP17-4055",2458.06,0.4435,20.0707,FALSE
"CP17-4154",2388.2,0.4431,20.09,FALSE
"CP17-4181",2380.99,0.4434,19.8868,FALSE
"CP17-4262",2422.25,0.4457,20.1293,FALSE
"CP17-4264",2422.25,0.4457,20.1293,FALSE
"CP17-4456",2394.6,0.4468,19.9295,FALSE
"CP17-4511",2444.23,0.4435,20.0473,FALSE
"CP17-4523",2495.77,0.4469,20.0374,FALSE
"CP17-4572",2489.44,0.4506,19.8319,FALSE
"CP17-4628",2652.23,0.4502,19.5972,FALSE
"CP17-4654",2263.89,0.4461,19.6337,FALSE
"CP17-4665",2263.89,0.4461,19.6337,FALSE
"CP17-4681",2269.88,0.4447,19.9094,FALSE
"CP17-4731",2425.31,0.4437,20.0855,FALSE
"CP17-4791",2465.1,0.4444,19.8958,FALSE
"CP17-4793",2465.1,0.4444,19.8958,FALSE
"CP17-4805",2465.1,0.4444,19.8958,FALSE
"CP17-4806",2465.1,0.4444,19.8958,FALSE
"CP17-4813",2425.31,0.4437,20.0855,FALSE
"CP17-4830",2425.31,0.4437,20.0855,FALSE
"CP18-1038",2338.48,0.4374,20.5029,FALSE
"CP18-1129",2363.68,0.4477,19.9547,FALSE
"CP18-1224",2468.14,0.4434,19.7533,FALSE
"CP18-1486",2591.33,0.4428,19.836,FALSE
"CP18-1519",2277.97,0.4466,19.9643,FALSE
"CP18-1580",2653.17,0.4389,20.0469,FALSE
"CP18-1586",2720.5,0.4357,19.8041,FALSE
"CP18-1590",2720.5,0.4357,19.8041,FALSE
"CP18-1591",2720.5,0.4357,19.8041,FALSE
"CP18-1606",2635.66,0.4423,19.8769,FALSE
"CP18-1680",2367.83,0.4433,20.0288,FALSE
"CP18-1685",2327.3,0.4441,19.988,FALSE
"CP18-1880",2476.88,0.4452,20.054,FALSE
"CP18-2021",2407.58,0.4485,19.8236,FALSE
"CP18-2140",2646.73,0.4407,19.929,FALSE
"CP18-2222",2407.14,0.4537,19.9152,FALSE
"CP18-2248",2504.7,0.4426,20.2166,FALSE
"CP18-2320",2504.7,0.4426,20.2166,FALSE
"CP18-2329",2458.06,0.4435,20.0707,FALSE
"CP18-2351",2526.74,0.4512,20.0184,FALSE
"CP18-2362",2526.74,0.4512,20.0184,FALSE
"CP18-2439",2458.06,0.4435,20.0707,FALSE
"CP18-4027",2232.59,0.4503,19.8521,FALSE
"CP18-4035",2458.06,0.4435,20.0707,FALSE
"CP18-4125",2594.08,0.4536,20.0245,FALSE
"CP18-4144",2380.99,0.4434,19.8868,FALSE
"CP18-4264",2672.42,0.4417,20.0121,FALSE
"CP18-4270",2672.42,0.4417,20.0121,FALSE
"CP18-4475",2465.1,0.4444,19.8958,FALSE
"CP18-4485",2503.16,0.4421,19.8696,FALSE
"CP18-4523",2396.93,0.4547,19.882,FALSE
"CP18-4642",2591.33,0.4428,19.836,FALSE
"CP18-4692",2327.3,0.4441,19.988,FALSE
"CP18-4731",2327.3,0.4441,19.988,FALSE
"CP19-1147",2576.74,0.4471,19.908,FALSE
"CP19-1163",2465.4,0.4474,20.0542,FALSE
"CP19-1178",2526.74,0.4512,20.0184,FALSE
"CP19-1254",2498.41,0.4449,19.9936,FALSE
"CP19-1435",2586.85,0.4395,19.8687,FALSE
"CP19-1795",2475.12,0.4515,20.0423,FALSE
"CP19-1801",2526.74,0.4512,20.0184,FALSE
"CP19-1819",2205.37,0.4425,19.6877,FALSE
"CP19-1834",2205.37,0.4425,19.6877,FALSE
"CP19-2031",2455.73,0.4518,20.0566,FALSE
"CP19-2051",2455.73,0.4518,20.0566,FALSE
"CP19-2108",2526.74,0.4512,20.0184,FALSE
"CP19-2136",2454.81,0.447,19.9985,FALSE
"CP19-2309",2484.74,0.4419,20.1091,FALSE
"CP19-2317",2458.06,0.4435,20.0707,FALSE
"CP19-2338",2498.41,0.4449,19.9936,FALSE
"CP19-2426",2568.71,0.4421,19.7698,FALSE
"CP19-4012",2277.63,0.4449,20.1769,FALSE
"CP19-4034",2370.09,0.4394,19.993,FALSE
"CP19-4099",2445.08,0.4436,19.9572,FALSE
"CP19-4154",2463.44,0.4522,19.9274,FALSE
"CP19-4215",2458.06,0.4435,20.0707,FALSE
"CP19-4291",2422.25,0.4457,20.1293,FALSE
"CP19-4312",2422.25,0.4457,20.1293,FALSE
"CP19-4366",2424.99,0.443,19.9729,FALSE
"CP19-4398",2487.28,0.4487,19.9886,FALSE
"CP19-4471",2349.77,0.4422,20.1484,FALSE
"CP19-4524",2339.14,0.4409,19.8638,FALSE
"CP19-4565",2407.58,0.4485,19.8236,FALSE
"CP19-4593",2407.58,0.4485,19.8236,FALSE
"CP19-4681",2498.41,0.4449,19.9936,FALSE
"CP19-4825",2359.24,0.4429,20.061,FALSE
"CP21-1218",2458.06,0.4435,20.0707,FALSE
"CP21-1466",2458.06,0.4435,20.0707,FALSE
"CP21-1591",2458.06,0.4435,20.0707,FALSE
"CP21-1717",2458.06,0.4435,20.0707,FALSE
"CP21-1940",2458.06,0.4435,20.0707,FALSE
"CP21-2274",2458.06,0.4435,20.0707,FALSE
"CP21-2400",2458.06,0.4435,20.0707,FALSE
"CP21-2457",2458.06,0.4435,20.0707,FALSE
"CP21-2485",2458.06,0.4435,20.0707,FALSE
"CP52-0048",2334.09,0.4451,19.9592,FALSE
"CP72-2086",1981.28,0.4275,19.7189,TRUE
"CP73-1547",2299.42,0.4449,19.9371,FALSE
"CP85-1491",2614.36,0.4473,19.9718,FALSE
"CP89-2143",2125.92,0.4411,20.1255,TRUE
"CP96-1252",2379.46,0.4553,19.2191,TRUE
"CP97-1777",2279.3,0.4343,20.1423,FALSE
"CPCL01-0877",2458.06,0.4435,20.0707,FALSE
"CPCL02-0926",2207.99,0.4506,20.0508,TRUE
"CPCL02-6848",2332.77,0.4497,20.4511,TRUE
"CPCL02-8147",2458.06,0.4435,20.0707,FALSE
"CPCL02-8149",2458.06,0.4435,20.0707,FALSE
"CPCL05-1102",2285.06,0.4397,20.3043,TRUE
"CPCL05-1201",2450.8,0.4561,19.5931,TRUE
"CPCL05-1791",2228.29,0.4502,19.7978,TRUE
"CPCL13-4046",2362.01,0.4497,19.6959,FALSE
"CPCL14-4066",2418,0.4427,20.1291,FALSE
"CPCL95-2287",2725.45,0.4414,20.1954,TRUE
"CPCL97-0393",2608.49,0.4489,19.9538,FALSE
"CPCL97-2730",2392.14,0.4425,19.8752,FALSE
"CPCL99-2651",2458.06,0.4435,20.0707,FALSE
"CPF-0249",2458.06,0.4435,20.0707,FALSE
"CPF-0250",2458.06,0.4435,20.0707,FALSE
"CR00-026",2458.06,0.4435,20.0707,FALSE
"CR03-0038",2458.06,0.4435,20.0707,FALSE
"CR04-0001",2458.06,0.4435,20.0707,FALSE
"CR94-1006",2458.06,0.4435,20.0707,FALSE
"CR95-1007",2458.06,0.4435,20.0707,FALSE
"CR97-1008",2458.06,0.4435,20.0707,FALSE
"CSSG-0032",2458.06,0.4435,20.0707,FALSE
"CSSG-0033",2458.06,0.4435,20.0707,FALSE
"Ho11-0573",2340.07,0.4442,19.989,FALSE
"Ho12-0616",2366.53,0.4451,19.9147,FALSE
"Ho12-0627",2334.37,0.4442,20.0041,FALSE
"Ho12-0630",2357.93,0.4441,20.0069,FALSE
"Ho13-0739",2362.76,0.444,20.022,FALSE
"Ho14-0722",2458.06,0.4435,20.0707,FALSE
"Ho16-0600",2354.29,0.4443,19.9913,FALSE
"Ho16-0603",2354.29,0.4443,19.9913,FALSE
"Ho16-0637",2323.16,0.4446,19.9899,FALSE
"Ho16-0663",2323.23,0.4447,19.9798,FALSE
"Ho16-0666",2352.33,0.4442,20.0077,FALSE
"Ho17-0722",2364.83,0.4436,20.0287,FALSE
"Ho17-0723",2307.77,0.4456,19.907,FALSE
"Ho17-0760",2331.07,0.4446,19.9947,FALSE
"Ho17-0762",2342.26,0.4447,19.9544,FALSE
"Ho18-0878",2348.78,0.4453,19.9389,FALSE
"HoCP04-0838",2328.31,0.4446,19.9858,FALSE
"HoCP04-0852",2335.18,0.4449,20.0138,FALSE
"HoCP09-0804",2363.22,0.4445,20.0108,FALSE
"HoCP14-0885",2362.93,0.444,20.0243,FALSE
"HoCP15-0543",2320.42,0.4492,19.9788,FALSE
"HoCP16-0674",2328.87,0.445,19.9834,FALSE
"HoCP17-0710",2359.03,0.4445,20.0066,FALSE
"HoCP17-0714",2352.88,0.4441,20.0054,FALSE
"HoSG-0031",2458.06,0.4435,20.0707,FALSE
"HoSG-0315",2458.06,0.4435,20.0707,FALSE
"IK76-0065",2458.06,0.4435,20.0707,FALSE
"LF5651",2458.06,0.4435,20.0707,FALSE
"LF65-3611",2458.06,0.4435,20.0707,FALSE
"M1392/00",2458.06,0.4435,20.0707,FALSE
"M1989/99",2458.06,0.4435,20.0707,FALSE
"MQ724005",2458.06,0.4435,20.0707,FALSE
"N22",2458.06,0.4435,20.0707,FALSE
"N37",2458.06,0.4435,20.0707,FALSE
"N41",2458.06,0.4435,20.0707,FALSE
"N49",2458.06,0.4435,20.0707,FALSE
"N53",2458.06,0.4435,20.0707,FALSE
"N55",2458.06,0.4435,20.0707,FALSE
"N58",2458.06,0.4435,20.0707,FALSE
"NA011806",2458.06,0.4435,20.0707,FALSE
"NA01640",2458.06,0.4435,20.0707,FALSE
"NA033300",2458.06,0.4435,20.0707,FALSE
"NA041992",2458.06,0.4435,20.0707,FALSE
"NA05-0811",2458.06,0.4435,20.0707,FALSE
"NA051673",2458.06,0.4435,20.0707,FALSE
"NA052115",2458.06,0.4435,20.0707,FALSE
"NA052748",2458.06,0.4435,20.0707,FALSE
"NA0559",2458.06,0.4435,20.0707,FALSE
"NG51-0105",2458.06,0.4435,20.0707,FALSE
"NG51-058",2458.06,0.4435,20.0707,FALSE
"NSG-0197",2458.06,0.4435,20.0707,FALSE
"Q196",2458.06,0.4435,20.0707,FALSE
"Q208",2458.06,0.4435,20.0707,FALSE
"Q232",2458.06,0.4435,20.0707,FALSE
"Q234",2458.06,0.4435,20.0707,FALSE
"Q235",2458.06,0.4435,20.0707,FALSE
"R575",2458.06,0.4435,20.0707,FALSE
"R584",2458.06,0.4435,20.0707,FALSE
"R95/2202",2458.06,0.4435,20.0707,FALSE
"Raiatea",2458.06,0.4435,20.0707,FALSE
"SP89-1115",2458.06,0.4435,20.0707,FALSE
"SP90-1638",2458.06,0.4435,20.0707,FALSE
"SP91-1049",2458.06,0.4435,20.0707,FALSE
"SP91-1397",2458.06,0.4435,20.0707,FALSE
"US21-0006",2458.06,0.4435,20.0707,FALSE
"US67-22-2",2458.06,0.4435,20.0707,FALSE
"US74-1315",2458.06,0.4435,20.0707,FALSE
"US84-1058",2458.06,0.4435,20.0707,FALSE
"US87-1019",2458.06,0.4435,20.0707,FALSE
